[
  {
    "id": "M001",
    "subject": "Math",
    "question": "What is the derivative of x\u00b2?",
    "options": [
      "2x",
      "x",
      "x\u00b2",
      "1"
    ],
    "answer": "2x"
  },
  {
    "id": "M002",
    "subject": "Math",
    "question": "What is the value of \u03c0 (pi) approximately?",
    "options": [
      "3.14",
      "2.17",
      "1.62",
      "4.13"
    ],
    "answer": "3.14"
  },
  {
    "id": "M003",
    "subject": "Math",
    "question": "Solve: 5 + 3 * 2",
    "options": [
      "11",
      "16",
      "13",
      "10"
    ],
    "answer": "11"
  },
  {
    "id": "M004",
    "subject": "Math",
    "question": "What is the integral of 1/x dx?",
    "options": [
      "ln|x| + C",
      "x",
      "1/x",
      "x\u00b2/2"
    ],
    "answer": "ln|x| + C"
  },
  {
    "id": "M005",
    "subject": "Math",
    "question": "What is the square root of 144?",
    "options": [
      "12",
      "14",
      "10",
      "16"
    ],
    "answer": "12"
  },
  {
    "id": "P001",
    "subject": "Physics",
    "question": "What is the unit of force?",
    "options": [
      "Newton",
      "Joule",
      "Watt",
      "Tesla"
    ],
    "answer": "Newton"
  },
  {
    "id": "P002",
    "subject": "Physics",
    "question": "Speed is defined as?",
    "options": [
      "Distance/Time",
      "Mass/Volume",
      "Work/Time",
      "Force/Area"
    ],
    "answer": "Distance/Time"
  },
  {
    "id": "P003",
    "subject": "Physics",
    "question": "What is the acceleration due to gravity on Earth?",
    "options": [
      "9.8 m/s\u00b2",
      "10 m/s\u00b2",
      "8 m/s\u00b2",
      "12 m/s\u00b2"
    ],
    "answer": "9.8 m/s\u00b2"
  },
  {
    "id": "P004",
    "subject": "Physics",
    "question": "Which particle has a negative charge?",
    "options": [
      "Electron",
      "Proton",
      "Neutron",
      "Photon"
    ],
    "answer": "Electron"
  },
  {
    "id": "P005",
    "subject": "Physics",
    "question": "What is Ohm's Law?",
    "options": [
      "V = IR",
      "F = ma",
      "P = VI",
      "E = mc\u00b2"
    ],
    "answer": "V = IR"
  },
  {
    "id": "E001",
    "subject": "English",
    "question": "Choose the correct synonym for 'happy'",
    "options": [
      "Joyful",
      "Sad",
      "Angry",
      "Tired"
    ],
    "answer": "Joyful"
  },
  {
    "id": "E002",
    "subject": "English",
    "question": "Choose the antonym of 'brave'",
    "options": [
      "Cowardly",
      "Strong",
      "Bold",
      "Daring"
    ],
    "answer": "Cowardly"
  },
  {
    "id": "E003",
    "subject": "English",
    "question": "Identify the noun: 'The dog barked loudly.'",
    "options": [
      "dog",
      "barked",
      "loudly",
      "The"
    ],
    "answer": "dog"
  },
  {
    "id": "E004",
    "subject": "English",
    "question": "What is the plural of 'mouse'?",
    "options": [
      "mice",
      "mouses",
      "mouse",
      "meese"
    ],
    "answer": "mice"
  },
  {
    "id": "E005",
    "subject": "English",
    "question": "Which of these is a preposition?",
    "options": [
      "under",
      "quickly",
      "he",
      "run"
    ],
    "answer": "under"
  }
]